{
    "client": "Thunder Client",
    "collectionName": "Gestor De Hoteles",
    "dateExported": "2023-05-18T06:09:14.575Z",
    "version": "1.1",
    "folders": [
        {
            "_id": "3180c4a8-3b43-4333-969b-cd72f7ed9a62",
            "name": "User",
            "containerId": "",
            "created": "2023-05-16T21:30:26.392Z",
            "sortNum": 10000
        },
        {
            "_id": "0912a314-4839-4e7c-a199-6c953717fc07",
            "name": "AdditionalMeals",
            "containerId": "",
            "created": "2023-05-16T21:30:26.398Z",
            "sortNum": 15000
        },
        {
            "_id": "84a0b915-3a86-4928-b533-200a0c0dbbb5",
            "name": "AdditionalServices",
            "containerId": "",
            "created": "2023-05-16T21:30:26.394Z",
            "sortNum": 20000
        },
        {
            "_id": "34eb8652-56e1-46bd-bd2c-e129e0fb926a",
            "name": "EventType",
            "containerId": "",
            "created": "2023-05-16T21:30:26.397Z",
            "sortNum": 21250
        },
        {
            "_id": "0141883f-8e0e-4b66-8dac-705bdb0e4dcd",
            "name": "Hotel",
            "containerId": "",
            "created": "2023-05-16T21:30:26.395Z",
            "sortNum": 22500
        },
        {
            "_id": "79d7b0fd-c934-4967-a53d-3e9de6044714",
            "name": "Rooms",
            "containerId": "",
            "created": "2023-05-16T21:30:26.396Z",
            "sortNum": 27500
        }
    ],
    "requests": [
        {
            "_id": "5a24e2bb-3096-4fd4-86ce-62f9f8bc5216",
            "colId": "47586c2a-618d-4468-b2bc-ee8ce3a02109",
            "containerId": "",
            "name": "Login",
            "url": "localhost:2765/User/login",
            "method": "POST",
            "sortNum": 10000,
            "created": "2023-05-16T21:30:26.394Z",
            "modified": "2023-05-18T00:27:20.343Z",
            "headers": [],
            "params": [],
            "body": {
                "type": "formencoded",
                "raw": "",
                "form": [
                    {
                        "name": "email",
                        "value": "admin",
                        "isDisabled": true
                    },
                    {
                        "name": "password",
                        "value": "admin",
                        "isDisabled": true
                    },
                    {
                        "name": "email",
                        "value": "pepe"
                    },
                    {
                        "name": "password",
                        "value": "123"
                    }
                ]
            },
            "tests": []
        },
        {
            "_id": "f5811b4b-e623-4569-a30e-9457d34f046d",
            "colId": "47586c2a-618d-4468-b2bc-ee8ce3a02109",
            "containerId": "3180c4a8-3b43-4333-969b-cd72f7ed9a62",
            "name": "Register",
            "url": "localhost:2765/User/register",
            "method": "POST",
            "sortNum": 25000,
            "created": "2023-05-16T21:30:26.395Z",
            "modified": "2023-05-17T06:06:48.942Z",
            "headers": [],
            "params": [],
            "body": {
                "type": "formencoded",
                "raw": "",
                "form": [
                    {
                        "name": "name",
                        "value": "Gerardo"
                    },
                    {
                        "name": "surname",
                        "value": "Gonzales"
                    },
                    {
                        "name": "email",
                        "value": "pedro1"
                    },
                    {
                        "name": "password",
                        "value": "123"
                    },
                    {
                        "name": "phone",
                        "value": "12346778"
                    },
                    {
                        "name": "role",
                        "value": "jefe"
                    }
                ]
            },
            "tests": []
        },
        {
            "_id": "e52adb77-3552-4988-a8c2-9014888070ba",
            "colId": "47586c2a-618d-4468-b2bc-ee8ce3a02109",
            "containerId": "3180c4a8-3b43-4333-969b-cd72f7ed9a62",
            "name": "addWorker",
            "url": "localhost:2765/User/addWorker",
            "method": "POST",
            "sortNum": 37500,
            "created": "2023-05-16T21:30:26.405Z",
            "modified": "2023-05-17T06:48:07.679Z",
            "headers": [
                {
                    "name": "Authorization",
                    "value": "eyJhbGciOiJIUzI1NiIsInR5cCI6IkpXVCJ9.eyJzdWIiOiI2NDYzMmI3ZTBiYTY1Y2I2NDAyOTdlYmEiLCJuYW1lIjoiVXNlciIsInN1cm5hbWUiOiJkZWZhdWx0IiwiZW1haWwiOiJhZG1pbiIsInJvbCI6IkFETUlOIiwiaWF0IjoxNjg0Mjk5ODc4LCJleHAiOjE2ODQzMDcwNzh9.nYsGm41vuoTi8XQX-WCbtpb72Jf844x5pdThZ4PK5Vs"
                }
            ],
            "params": [],
            "body": {
                "type": "formencoded",
                "raw": "",
                "form": [
                    {
                        "name": "name",
                        "value": "pepe"
                    },
                    {
                        "name": "surname",
                        "value": "Daniel"
                    },
                    {
                        "name": "email",
                        "value": "asdfd"
                    },
                    {
                        "name": "password",
                        "value": "123"
                    },
                    {
                        "name": "phone",
                        "value": "12345678"
                    },
                    {
                        "name": "rol",
                        "value": "bossadssdf"
                    }
                ]
            },
            "tests": []
        },
        {
            "_id": "cf279a77-1888-417e-9a3a-71c8e69a5cef",
            "colId": "47586c2a-618d-4468-b2bc-ee8ce3a02109",
            "containerId": "3180c4a8-3b43-4333-969b-cd72f7ed9a62",
            "name": "getUsers",
            "url": "localhost:2765/User/getUsers",
            "method": "GET",
            "sortNum": 50000,
            "created": "2023-05-16T21:30:26.396Z",
            "modified": "2023-05-17T05:27:58.091Z",
            "headers": [
                {
                    "name": "Authorization",
                    "value": "eyJhbGciOiJIUzI1NiIsInR5cCI6IkpXVCJ9.eyJzdWIiOiI2NDYzMmI3ZTBiYTY1Y2I2NDAyOTdlYmEiLCJuYW1lIjoiVXNlciIsInN1cm5hbWUiOiJkZWZhdWx0IiwiZW1haWwiOiJhZG1pbiIsInJvbCI6IkFETUlOIiwiaWF0IjoxNjg0MzAxMjcwLCJleHAiOjE2ODQzMDg0NzB9.SabT4lD7YbZYSBPcP7Jyw_Hg2X2BMAGLX54fW5vg65s"
                }
            ],
            "params": [],
            "tests": []
        },
        {
            "_id": "db390057-11a1-4665-b1f0-2ef97c985646",
            "colId": "47586c2a-618d-4468-b2bc-ee8ce3a02109",
            "containerId": "84a0b915-3a86-4928-b533-200a0c0dbbb5",
            "name": "save",
            "url": "localhost:2765/AdditionalServices/save",
            "method": "POST",
            "sortNum": 60000,
            "created": "2023-05-16T21:30:26.397Z",
            "modified": "2023-05-17T06:49:23.549Z",
            "headers": [
                {
                    "name": "Authorization",
                    "value": "\"eyJhbGciOiJIUzI1NiIsInR5cCI6IkpXVCJ9.eyJzdWIiOiI2NDYzMmI3ZTBiYTY1Y2I2NDAyOTdlYmEiLCJuYW1lIjoiVXNlciIsInN1cm5hbWUiOiJkZWZhdWx0IiwiZW1haWwiOiJhZG1pbiIsInJvbCI6IkFETUlOIiwiaWF0IjoxNjg0MzA1OTY1LCJleHAiOjE2ODQzMTMxNjV9.9fOphf63zyQf9jnqGJAfHCUzi4mkzfORznpyqYlejFg\""
                }
            ],
            "params": [],
            "body": {
                "type": "formencoded",
                "raw": "",
                "form": [
                    {
                        "name": "name",
                        "value": "LUces"
                    },
                    {
                        "name": "description",
                        "value": "EGGSAs"
                    },
                    {
                        "name": "price",
                        "value": "1233"
                    }
                ]
            },
            "tests": []
        },
        {
            "_id": "28337ad3-befb-4f67-8fc7-33bf65a6a5ba",
            "colId": "47586c2a-618d-4468-b2bc-ee8ce3a02109",
            "containerId": "84a0b915-3a86-4928-b533-200a0c0dbbb5",
            "name": "gets",
            "url": "localhost:2765/AdditionalServices/get",
            "method": "GET",
            "sortNum": 70000,
            "created": "2023-05-16T21:30:26.398Z",
            "modified": "2023-05-17T06:49:59.125Z",
            "headers": [
                {
                    "name": "Authorization",
                    "value": "\"eyJhbGciOiJIUzI1NiIsInR5cCI6IkpXVCJ9.eyJzdWIiOiI2NDYzMmI3ZTBiYTY1Y2I2NDAyOTdlYmEiLCJuYW1lIjoiVXNlciIsInN1cm5hbWUiOiJkZWZhdWx0IiwiZW1haWwiOiJhZG1pbiIsInJvbCI6IkFETUlOIiwiaWF0IjoxNjg0MzA1OTY1LCJleHAiOjE2ODQzMTMxNjV9.9fOphf63zyQf9jnqGJAfHCUzi4mkzfORznpyqYlejFg\""
                }
            ],
            "params": [],
            "tests": []
        },
        {
            "_id": "ce4d4d72-df58-467c-9818-d4f5a9683530",
            "colId": "47586c2a-618d-4468-b2bc-ee8ce3a02109",
            "containerId": "84a0b915-3a86-4928-b533-200a0c0dbbb5",
            "name": "get",
            "url": "localhost:2765/AdditionalServices/gets/646478f3b6e3cda0e640f27d",
            "method": "GET",
            "sortNum": 80000,
            "created": "2023-05-16T21:30:26.399Z",
            "modified": "2023-05-17T06:50:14.048Z",
            "headers": [
                {
                    "name": "Authorization",
                    "value": "\"eyJhbGciOiJIUzI1NiIsInR5cCI6IkpXVCJ9.eyJzdWIiOiI2NDRmZWM1OTQ0NDM1ZTgyNTk3ZjQwNWMiLCJuYW1lIjoiVXNlciIsInN1cm5hbWUiOiJkZWZhdWx0IiwiZW1haWwiOiJhZG1pbiIsImlhdCI6MTY4Mjk2OTIzMDI1MCwiZXhwIjoxNjgyOTY5MjM3NDUwfQ.0wAYa-V4rQrc3I-65y7b-es-SG6HfC5IPxoXQGZxQVg\""
                }
            ],
            "params": [],
            "tests": []
        },
        {
            "_id": "2d307292-3484-4644-81bb-233793ae344d",
            "colId": "47586c2a-618d-4468-b2bc-ee8ce3a02109",
            "containerId": "84a0b915-3a86-4928-b533-200a0c0dbbb5",
            "name": "searchByName",
            "url": "localhost:2765/AdditionalServices/searchByName",
            "method": "POST",
            "sortNum": 90000,
            "created": "2023-05-16T21:30:26.400Z",
            "modified": "2023-05-17T06:50:41.126Z",
            "headers": [
                {
                    "name": "Authorization",
                    "value": "\"eyJhbGciOiJIUzI1NiIsInR5cCI6IkpXVCJ9.eyJzdWIiOiI2NDYzMmI3ZTBiYTY1Y2I2NDAyOTdlYmEiLCJuYW1lIjoiVXNlciIsInN1cm5hbWUiOiJkZWZhdWx0IiwiZW1haWwiOiJhZG1pbiIsInJvbCI6IkFETUlOIiwiaWF0IjoxNjg0MzA1OTY1LCJleHAiOjE2ODQzMTMxNjV9.9fOphf63zyQf9jnqGJAfHCUzi4mkzfORznpyqYlejFg\""
                }
            ],
            "params": [],
            "body": {
                "type": "formencoded",
                "raw": "",
                "form": [
                    {
                        "name": "name",
                        "value": "s"
                    }
                ]
            },
            "tests": []
        },
        {
            "_id": "f26eee79-fe49-4d24-91e8-cd3f076be1ed",
            "colId": "47586c2a-618d-4468-b2bc-ee8ce3a02109",
            "containerId": "84a0b915-3a86-4928-b533-200a0c0dbbb5",
            "name": "Update",
            "url": "localhost:2765/AdditionalServices/update/646478e9b6e3cda0e640f278",
            "method": "PUT",
            "sortNum": 100000,
            "created": "2023-05-16T21:30:26.401Z",
            "modified": "2023-05-17T06:52:21.008Z",
            "headers": [
                {
                    "name": "Authorization",
                    "value": "\"eyJhbGciOiJIUzI1NiIsInR5cCI6IkpXVCJ9.eyJzdWIiOiI2NDRmZWM1OTQ0NDM1ZTgyNTk3ZjQwNWMiLCJuYW1lIjoiVXNlciIsInN1cm5hbWUiOiJkZWZhdWx0IiwiZW1haWwiOiJhZG1pbiIsImlhdCI6MTY4Mjk4MjU1NDYxMiwiZXhwIjoxNjgyOTgyNTYxODEyfQ.5AU14cszkIWCKLVjLt_QvFIH-2mO7xvyKO8K6XVTw9s\""
                }
            ],
            "params": [],
            "body": {
                "type": "formencoded",
                "raw": "",
                "form": [
                    {
                        "name": "name",
                        "value": "LUCES"
                    },
                    {
                        "name": "description",
                        "value": "EGGSA"
                    },
                    {
                        "name": "price",
                        "value": "22"
                    }
                ]
            },
            "tests": []
        },
        {
            "_id": "18f792ad-f3c5-4374-91e4-b25ea4b3ea34",
            "colId": "47586c2a-618d-4468-b2bc-ee8ce3a02109",
            "containerId": "84a0b915-3a86-4928-b533-200a0c0dbbb5",
            "name": "delete",
            "url": "localhost:2765/AdditionalServices/delete/646478f3b6e3cda0e640f27d",
            "method": "DELETE",
            "sortNum": 110000,
            "created": "2023-05-16T21:30:26.402Z",
            "modified": "2023-05-17T06:50:59.833Z",
            "headers": [
                {
                    "name": "Authorization",
                    "value": "\"eyJhbGciOiJIUzI1NiIsInR5cCI6IkpXVCJ9.eyJzdWIiOiI2NDYzMmI3ZTBiYTY1Y2I2NDAyOTdlYmEiLCJuYW1lIjoiVXNlciIsInN1cm5hbWUiOiJkZWZhdWx0IiwiZW1haWwiOiJhZG1pbiIsInJvbCI6IkFETUlOIiwiaWF0IjoxNjg0MzA1OTY1LCJleHAiOjE2ODQzMTMxNjV9.9fOphf63zyQf9jnqGJAfHCUzi4mkzfORznpyqYlejFg\""
                }
            ],
            "params": [],
            "tests": []
        },
        {
            "_id": "311c2f03-68fe-425a-b173-7dac1849c7d8",
            "colId": "47586c2a-618d-4468-b2bc-ee8ce3a02109",
            "containerId": "0141883f-8e0e-4b66-8dac-705bdb0e4dcd",
            "name": "add",
            "url": "localhost:2765/Hotel/add",
            "method": "POST",
            "sortNum": 130000,
            "created": "2023-05-16T21:30:26.404Z",
            "modified": "2023-05-17T18:36:11.841Z",
            "headers": [
                {
                    "name": "Authorization",
                    "value": "eyJhbGciOiJIUzI1NiIsInR5cCI6IkpXVCJ9.eyJzdWIiOiI2NDYzMmI3ZTBiYTY1Y2I2NDAyOTdlYmEiLCJuYW1lIjoiVXNlciIsInN1cm5hbWUiOiJkZWZhdWx0IiwiZW1haWwiOiJhZG1pbiIsInJvbCI6IkFETUlOIiwiaWF0IjoxNjg0MzQ4MTIzLCJleHAiOjE2ODQzNTUzMjN9.SjscaHpVragfkG4MJKRzcaImKQdctkvcMUzjLOPXI9M"
                }
            ],
            "params": [],
            "body": {
                "type": "formencoded",
                "raw": "",
                "form": [
                    {
                        "name": "name",
                        "value": "Las américas"
                    },
                    {
                        "name": "numberOfRooms",
                        "value": "6",
                        "isDisabled": true
                    },
                    {
                        "name": "address",
                        "value": "Zona 13"
                    },
                    {
                        "name": "admin",
                        "value": "646463ad81b9f9ad238befaa"
                    },
                    {
                        "name": "contact",
                        "value": "12345678"
                    },
                    {
                        "name": "email",
                        "value": "dadada"
                    },
                    {
                        "name": "phone",
                        "value": "123"
                    },
                    {
                        "name": "eventAvailability",
                        "value": "true",
                        "isDisabled": true
                    }
                ]
            },
            "tests": []
        },
        {
            "_id": "f57d96da-4e85-4783-a696-315a9c569e0d",
            "colId": "47586c2a-618d-4468-b2bc-ee8ce3a02109",
            "containerId": "0141883f-8e0e-4b66-8dac-705bdb0e4dcd",
            "name": "gets",
            "url": "localhost:2765/Hotel/gets",
            "method": "GET",
            "sortNum": 160000,
            "created": "2023-05-16T21:30:26.406Z",
            "modified": "2023-05-16T21:30:26.406Z",
            "headers": [
                {
                    "name": "Authorization",
                    "value": "\"eyJhbGciOiJIUzI1NiIsInR5cCI6IkpXVCJ9.eyJzdWIiOiI2NDRmZWM1OTQ0NDM1ZTgyNTk3ZjQwNWMiLCJuYW1lIjoiVXNlciIsInN1cm5hbWUiOiJkZWZhdWx0IiwiZW1haWwiOiJhZG1pbiIsInJvbCI6IkFETUlOIiwiaWF0IjoxNjgyOTg4OTcxNzEzLCJleHAiOjE2ODI5ODg5Nzg5MTN9.CyiMc3o9CJs_3gfsJ_UVesp8GaZQ2omzuRowTNbUjtE\""
                }
            ],
            "params": [],
            "tests": []
        },
        {
            "_id": "c101b3c0-06df-4024-ae35-f64ae4dd02fe",
            "colId": "47586c2a-618d-4468-b2bc-ee8ce3a02109",
            "containerId": "0141883f-8e0e-4b66-8dac-705bdb0e4dcd",
            "name": "getHotel",
            "url": "localhost:2765/Hotel/get/64651db32b821ae215737ede",
            "method": "GET",
            "sortNum": 170000,
            "created": "2023-05-16T21:30:26.407Z",
            "modified": "2023-05-17T18:40:51.176Z",
            "headers": [
                {
                    "name": "Authorization",
                    "value": "\"eyJhbGciOiJIUzI1NiIsInR5cCI6IkpXVCJ9.eyJzdWIiOiI2NDRmZWM1OTQ0NDM1ZTgyNTk3ZjQwNWMiLCJuYW1lIjoiVXNlciIsInN1cm5hbWUiOiJkZWZhdWx0IiwiZW1haWwiOiJhZG1pbiIsInJvbCI6IkFETUlOIiwiaWF0IjoxNjgyOTg4OTcxNzEzLCJleHAiOjE2ODI5ODg5Nzg5MTN9.CyiMc3o9CJs_3gfsJ_UVesp8GaZQ2omzuRowTNbUjtE\""
                }
            ],
            "params": [],
            "tests": []
        },
        {
            "_id": "fbd65fa9-43f1-41dd-90ee-282114fa998a",
            "colId": "47586c2a-618d-4468-b2bc-ee8ce3a02109",
            "containerId": "0141883f-8e0e-4b66-8dac-705bdb0e4dcd",
            "name": "searchByName And Address",
            "url": "localhost:2765/Hotel/searchByNameAndAddress",
            "method": "GET",
            "sortNum": 180000,
            "created": "2023-05-16T21:30:26.408Z",
            "modified": "2023-05-17T18:59:07.790Z",
            "headers": [
                {
                    "name": "Authorization",
                    "value": "\"eyJhbGciOiJIUzI1NiIsInR5cCI6IkpXVCJ9.eyJzdWIiOiI2NDRmZWM1OTQ0NDM1ZTgyNTk3ZjQwNWMiLCJuYW1lIjoiVXNlciIsInN1cm5hbWUiOiJkZWZhdWx0IiwiZW1haWwiOiJhZG1pbiIsInJvbCI6IkFETUlOIiwiaWF0IjoxNjgyOTg4OTcxNzEzLCJleHAiOjE2ODI5ODg5Nzg5MTN9.CyiMc3o9CJs_3gfsJ_UVesp8GaZQ2omzuRowTNbUjtE\""
                }
            ],
            "params": [],
            "body": {
                "type": "formencoded",
                "raw": "",
                "form": [
                    {
                        "name": "name",
                        "value": "a"
                    },
                    {
                        "name": "address",
                        "value": "z"
                    }
                ]
            },
            "tests": []
        },
        {
            "_id": "4f02f732-d22a-43c5-9c62-1962d12e21ed",
            "colId": "47586c2a-618d-4468-b2bc-ee8ce3a02109",
            "containerId": "79d7b0fd-c934-4967-a53d-3e9de6044714",
            "name": "save",
            "url": "localhost:2765/Room/save",
            "method": "POST",
            "sortNum": 220000,
            "created": "2023-05-16T21:30:26.409Z",
            "modified": "2023-05-18T04:09:51.327Z",
            "headers": [
                {
                    "name": "Authorization",
                    "value": "eyJhbGciOiJIUzI1NiIsInR5cCI6IkpXVCJ9.eyJzdWIiOiI2NDY0NjNhODgxYjlmOWFkMjM4YmVmYTYiLCJuYW1lIjoicGVwZSIsInN1cm5hbWUiOiJEYW5pZWwiLCJlbWFpbCI6InBlcGUiLCJyb2wiOiJXT1JLRVIiLCJpYXQiOjE2ODQzODIyMjIsImV4cCI6MTY4NDM4OTQyMn0.tK1QxbqkXBnZY9wh4pQ0SSw4t3SfwfBfgQBp5yGEaEI"
                }
            ],
            "params": [],
            "body": {
                "type": "formencoded",
                "raw": "",
                "form": [
                    {
                        "name": "name",
                        "value": "matrimonias"
                    },
                    {
                        "name": "number",
                        "value": "7"
                    },
                    {
                        "name": "hotel",
                        "value": "64651e9be844867387c073ba"
                    },
                    {
                        "name": "description",
                        "value": "nose"
                    },
                    {
                        "name": "price",
                        "value": "200"
                    }
                ]
            },
            "tests": []
        },
        {
            "_id": "91c0ecb5-e175-491c-9e31-7238ea71886f",
            "colId": "47586c2a-618d-4468-b2bc-ee8ce3a02109",
            "containerId": "3180c4a8-3b43-4333-969b-cd72f7ed9a62",
            "name": "getWorkers",
            "url": "localhost:2765/User/getWorkers",
            "method": "GET",
            "sortNum": 225000,
            "created": "2023-05-16T21:30:26.430Z",
            "modified": "2023-05-17T06:07:00.981Z",
            "headers": [
                {
                    "name": "Authorization",
                    "value": "eyJhbGciOiJIUzI1NiIsInR5cCI6IkpXVCJ9.eyJzdWIiOiI2NDYzMmI3ZTBiYTY1Y2I2NDAyOTdlYmEiLCJuYW1lIjoiVXNlciIsInN1cm5hbWUiOiJkZWZhdWx0IiwiZW1haWwiOiJhZG1pbiIsInJvbCI6IkFETUlOIiwiaWF0IjoxNjg0MzAwNjk0LCJleHAiOjE2ODQzMDc4OTR9.EwYyvZpTUzcOoyDrpSChQhztrDnujiRqV5RMat6BbfA"
                }
            ],
            "params": [],
            "tests": []
        },
        {
            "_id": "31de9072-d2ed-4a9a-bad4-85e25e7a16f7",
            "colId": "47586c2a-618d-4468-b2bc-ee8ce3a02109",
            "containerId": "79d7b0fd-c934-4967-a53d-3e9de6044714",
            "name": "getsByHotel",
            "url": "localhost:2765/Room/getsByHotel/64651e9be844867387c073ba",
            "method": "GET",
            "sortNum": 230000,
            "created": "2023-05-16T21:30:26.410Z",
            "modified": "2023-05-18T00:33:54.789Z",
            "headers": [],
            "params": [],
            "tests": []
        },
        {
            "_id": "b03b63c8-1101-4a4f-bdb3-bd649ed67c92",
            "colId": "47586c2a-618d-4468-b2bc-ee8ce3a02109",
            "containerId": "79d7b0fd-c934-4967-a53d-3e9de6044714",
            "name": "getExpensive",
            "url": "localhost:2765/Room/getExpensive",
            "method": "GET",
            "sortNum": 240000,
            "created": "2023-05-16T21:30:26.411Z",
            "modified": "2023-05-16T21:30:26.411Z",
            "headers": [],
            "params": [],
            "tests": []
        },
        {
            "_id": "c5d8ef26-b658-494a-bea8-7f5248d3dd2b",
            "colId": "47586c2a-618d-4468-b2bc-ee8ce3a02109",
            "containerId": "79d7b0fd-c934-4967-a53d-3e9de6044714",
            "name": "getCheap",
            "url": "localhost:2765/Room/getCheap",
            "method": "GET",
            "sortNum": 250000,
            "created": "2023-05-16T21:30:26.412Z",
            "modified": "2023-05-16T21:30:26.412Z",
            "headers": [],
            "params": [],
            "tests": []
        },
        {
            "_id": "2e63b1d3-b1c4-4d17-9a2a-53202195431b",
            "colId": "47586c2a-618d-4468-b2bc-ee8ce3a02109",
            "containerId": "79d7b0fd-c934-4967-a53d-3e9de6044714",
            "name": "updated",
            "url": "localhost:2765/Room/updateRoom/6456876927749e13e1cbecea",
            "method": "PUT",
            "sortNum": 260000,
            "created": "2023-05-16T21:30:26.413Z",
            "modified": "2023-05-16T21:30:26.413Z",
            "headers": [
                {
                    "name": "Authorization",
                    "value": "\"eyJhbGciOiJIUzI1NiIsInR5cCI6IkpXVCJ9.eyJzdWIiOiI2NDU2ODVlOGIxOTVhYWI3YmMxYTQyYjEiLCJuYW1lIjoicGVwZSIsInN1cm5hbWUiOiJEYW5pZWwiLCJlbWFpbCI6InBlcGUiLCJyb2wiOiJXT1JLRVIiLCJpYXQiOjE2ODM0MDIzMjIsImV4cCI6MTY4MzQwOTUyMn0.MnxGqJXapTlAaRfsHnJsnvdPLgYSHlfUryuUgUZtZxE\""
                }
            ],
            "params": [],
            "body": {
                "type": "formencoded",
                "raw": "",
                "form": [
                    {
                        "name": "name",
                        "value": "messi"
                    },
                    {
                        "name": "number",
                        "value": "5"
                    },
                    {
                        "name": "description",
                        "value": "hola"
                    },
                    {
                        "name": "price",
                        "value": "19"
                    }
                ]
            },
            "tests": []
        },
        {
            "_id": "496ec8f2-a6a5-4b08-9e86-31b5021bea34",
            "colId": "47586c2a-618d-4468-b2bc-ee8ce3a02109",
            "containerId": "79d7b0fd-c934-4967-a53d-3e9de6044714",
            "name": "delete",
            "url": "localhost:2765/Room/deleteRoom/6456966644d07aa72551adc6",
            "method": "DELETE",
            "sortNum": 270000,
            "created": "2023-05-16T21:30:26.414Z",
            "modified": "2023-05-16T21:30:26.414Z",
            "headers": [
                {
                    "name": "Authorization",
                    "value": "\"eyJhbGciOiJIUzI1NiIsInR5cCI6IkpXVCJ9.eyJzdWIiOiI2NDU2ODVlOGIxOTVhYWI3YmMxYTQyYjEiLCJuYW1lIjoicGVwZSIsInN1cm5hbWUiOiJEYW5pZWwiLCJlbWFpbCI6InBlcGUiLCJyb2wiOiJXT1JLRVIiLCJpYXQiOjE2ODM0MDIzMjIsImV4cCI6MTY4MzQwOTUyMn0.MnxGqJXapTlAaRfsHnJsnvdPLgYSHlfUryuUgUZtZxE\""
                }
            ],
            "params": [],
            "tests": []
        },
        {
            "_id": "ec54f092-c113-4dab-9e63-450a1cbd7ba0",
            "colId": "47586c2a-618d-4468-b2bc-ee8ce3a02109",
            "containerId": "34eb8652-56e1-46bd-bd2c-e129e0fb926a",
            "name": "add",
            "url": "localhost:2765/EventType/save",
            "method": "POST",
            "sortNum": 280000,
            "created": "2023-05-16T21:30:26.416Z",
            "modified": "2023-05-17T07:40:03.834Z",
            "headers": [
                {
                    "name": "Authorization",
                    "value": "eyJhbGciOiJIUzI1NiIsInR5cCI6IkpXVCJ9.eyJzdWIiOiI2NDYzMmI3ZTBiYTY1Y2I2NDAyOTdlYmEiLCJuYW1lIjoiVXNlciIsInN1cm5hbWUiOiJkZWZhdWx0IiwiZW1haWwiOiJhZG1pbiIsInJvbCI6IkFETUlOIiwiaWF0IjoxNjg0MzA5MDU3LCJleHAiOjE2ODQzMTYyNTd9.pERFhy0BU-d7uF6DS7sVP9AzJIw0kyPdpwf2HSB3QhE"
                }
            ],
            "params": [],
            "body": {
                "type": "formencoded",
                "raw": "",
                "form": [
                    {
                        "name": "name",
                        "value": "BODAs"
                    },
                    {
                        "name": "description",
                        "value": "PRESTACIONES PARA BODAs"
                    },
                    {
                        "name": "price",
                        "value": "1200"
                    }
                ]
            },
            "tests": []
        },
        {
            "_id": "7a61b9ed-a04d-46ea-af23-77e13bda59b5",
            "colId": "47586c2a-618d-4468-b2bc-ee8ce3a02109",
            "containerId": "34eb8652-56e1-46bd-bd2c-e129e0fb926a",
            "name": "gets",
            "url": "localhost:2765/EventType/gets",
            "method": "GET",
            "sortNum": 290000,
            "created": "2023-05-16T21:30:26.417Z",
            "modified": "2023-05-17T07:40:26.479Z",
            "headers": [
                {
                    "name": "Authorization",
                    "value": "eyJhbGciOiJIUzI1NiIsInR5cCI6IkpXVCJ9.eyJzdWIiOiI2NDYzMmI3ZTBiYTY1Y2I2NDAyOTdlYmEiLCJuYW1lIjoiVXNlciIsInN1cm5hbWUiOiJkZWZhdWx0IiwiZW1haWwiOiJhZG1pbiIsInJvbCI6IkFETUlOIiwiaWF0IjoxNjg0MzA5MDU3LCJleHAiOjE2ODQzMTYyNTd9.pERFhy0BU-d7uF6DS7sVP9AzJIw0kyPdpwf2HSB3QhE"
                }
            ],
            "params": [],
            "tests": []
        },
        {
            "_id": "31cb07b9-8406-482b-95b6-5af737d188bc",
            "colId": "47586c2a-618d-4468-b2bc-ee8ce3a02109",
            "containerId": "34eb8652-56e1-46bd-bd2c-e129e0fb926a",
            "name": "get",
            "url": "localhost:2765/EventType/get/646484b98c3a93a9083f256c",
            "method": "GET",
            "sortNum": 300000,
            "created": "2023-05-16T21:30:26.418Z",
            "modified": "2023-05-17T07:41:01.514Z",
            "headers": [
                {
                    "name": "Authorization",
                    "value": "\"eyJhbGciOiJIUzI1NiIsInR5cCI6IkpXVCJ9.eyJzdWIiOiI2NDU2ODVlOGIxOTVhYWI3YmMxYTQyYjEiLCJuYW1lIjoicGVwZSIsInN1cm5hbWUiOiJEYW5pZWwiLCJlbWFpbCI6InBlcGUiLCJyb2wiOiJXT1JLRVIiLCJpYXQiOjE2ODM0MDIzMjIsImV4cCI6MTY4MzQwOTUyMn0.MnxGqJXapTlAaRfsHnJsnvdPLgYSHlfUryuUgUZtZxE\""
                }
            ],
            "params": [],
            "tests": []
        },
        {
            "_id": "8a192044-b50f-45e9-9e35-4b079b4ade72",
            "colId": "47586c2a-618d-4468-b2bc-ee8ce3a02109",
            "containerId": "34eb8652-56e1-46bd-bd2c-e129e0fb926a",
            "name": "searchByName",
            "url": "localhost:2765/EventType/searchByName",
            "method": "POST",
            "sortNum": 310000,
            "created": "2023-05-16T21:30:26.419Z",
            "modified": "2023-05-17T07:41:34.990Z",
            "headers": [
                {
                    "name": "Authorization",
                    "value": "eyJhbGciOiJIUzI1NiIsInR5cCI6IkpXVCJ9.eyJzdWIiOiI2NDYzMmI3ZTBiYTY1Y2I2NDAyOTdlYmEiLCJuYW1lIjoiVXNlciIsInN1cm5hbWUiOiJkZWZhdWx0IiwiZW1haWwiOiJhZG1pbiIsInJvbCI6IkFETUlOIiwiaWF0IjoxNjg0MzA5MDU3LCJleHAiOjE2ODQzMTYyNTd9.pERFhy0BU-d7uF6DS7sVP9AzJIw0kyPdpwf2HSB3QhE"
                }
            ],
            "params": [],
            "body": {
                "type": "formencoded",
                "raw": "",
                "form": [
                    {
                        "name": "name",
                        "value": "s"
                    }
                ]
            },
            "tests": []
        },
        {
            "_id": "a060805a-f2cf-488d-aa3c-8f909ea6dc15",
            "colId": "47586c2a-618d-4468-b2bc-ee8ce3a02109",
            "containerId": "3180c4a8-3b43-4333-969b-cd72f7ed9a62",
            "name": "getAccount",
            "url": "localhost:2765/User/getAccount/646465814df432eb690dc800",
            "method": "GET",
            "sortNum": 312500,
            "created": "2023-05-16T21:30:26.429Z",
            "modified": "2023-05-17T06:07:03.525Z",
            "headers": [
                {
                    "name": "Authorization",
                    "value": "eyJhbGciOiJIUzI1NiIsInR5cCI6IkpXVCJ9.eyJzdWIiOiI2NDY0NjNhODgxYjlmOWFkMjM4YmVmYTYiLCJuYW1lIjoicGVwZSIsInN1cm5hbWUiOiJEYW5pZWwiLCJlbWFpbCI6InBlcGUiLCJyb2wiOiJXT1JLRVIiLCJpYXQiOjE2ODQzMDE0OTEsImV4cCI6MTY4NDMwODY5MX0.4sjGFy4Rl9tUmBdWTdlWsPSw10jzVts0ViG_7niIMXQ"
                }
            ],
            "params": [],
            "tests": []
        },
        {
            "_id": "9d617792-6647-421d-9771-ad441b8cf746",
            "colId": "47586c2a-618d-4468-b2bc-ee8ce3a02109",
            "containerId": "34eb8652-56e1-46bd-bd2c-e129e0fb926a",
            "name": "update",
            "url": "localhost:2765/EventType/update/646484cf8c3a93a9083f2572",
            "method": "PUT",
            "sortNum": 320000,
            "created": "2023-05-16T21:30:26.420Z",
            "modified": "2023-05-17T07:48:28.048Z",
            "headers": [
                {
                    "name": "Authorization",
                    "value": "eyJhbGciOiJIUzI1NiIsInR5cCI6IkpXVCJ9.eyJzdWIiOiI2NDYzMmI3ZTBiYTY1Y2I2NDAyOTdlYmEiLCJuYW1lIjoiVXNlciIsInN1cm5hbWUiOiJkZWZhdWx0IiwiZW1haWwiOiJhZG1pbiIsInJvbCI6IkFETUlOIiwiaWF0IjoxNjg0MzA5MDU3LCJleHAiOjE2ODQzMTYyNTd9.pERFhy0BU-d7uF6DS7sVP9AzJIw0kyPdpwf2HSB3QhE"
                }
            ],
            "params": [],
            "body": {
                "type": "formencoded",
                "raw": "",
                "form": [
                    {
                        "name": "name",
                        "value": "BODA"
                    },
                    {
                        "name": "description",
                        "value": "PRESTACIONES PARA BODAs"
                    },
                    {
                        "name": "price",
                        "value": "17"
                    }
                ]
            },
            "tests": []
        },
        {
            "_id": "aa72e9f1-196b-4f4a-8859-18d1c353ad99",
            "colId": "47586c2a-618d-4468-b2bc-ee8ce3a02109",
            "containerId": "34eb8652-56e1-46bd-bd2c-e129e0fb926a",
            "name": "delete",
            "url": "localhost:2765/EventType/delete/646484b98c3a93a9083f256c",
            "method": "DELETE",
            "sortNum": 330000,
            "created": "2023-05-16T21:30:26.421Z",
            "modified": "2023-05-17T07:42:21.128Z",
            "headers": [
                {
                    "name": "Authorization",
                    "value": "eyJhbGciOiJIUzI1NiIsInR5cCI6IkpXVCJ9.eyJzdWIiOiI2NDYzMmI3ZTBiYTY1Y2I2NDAyOTdlYmEiLCJuYW1lIjoiVXNlciIsInN1cm5hbWUiOiJkZWZhdWx0IiwiZW1haWwiOiJhZG1pbiIsInJvbCI6IkFETUlOIiwiaWF0IjoxNjg0MzA5MDU3LCJleHAiOjE2ODQzMTYyNTd9.pERFhy0BU-d7uF6DS7sVP9AzJIw0kyPdpwf2HSB3QhE"
                }
            ],
            "params": [],
            "tests": []
        },
        {
            "_id": "c2cffd45-8a63-4258-9d37-8af0fc098b2e",
            "colId": "47586c2a-618d-4468-b2bc-ee8ce3a02109",
            "containerId": "0912a314-4839-4e7c-a199-6c953717fc07",
            "name": "add",
            "url": "localhost:2765/AdditionalMeal/save",
            "method": "POST",
            "sortNum": 340000,
            "created": "2023-05-16T21:30:26.422Z",
            "modified": "2023-05-17T06:26:50.916Z",
            "headers": [
                {
                    "name": "Authorization",
                    "value": "eyJhbGciOiJIUzI1NiIsInR5cCI6IkpXVCJ9.eyJzdWIiOiI2NDYzMmI3ZTBiYTY1Y2I2NDAyOTdlYmEiLCJuYW1lIjoiVXNlciIsInN1cm5hbWUiOiJkZWZhdWx0IiwiZW1haWwiOiJhZG1pbiIsInJvbCI6IkFETUlOIiwiaWF0IjoxNjg0MzAyMzc0LCJleHAiOjE2ODQzMDk1NzR9.3jEFDBXKWe8ZTpZ1grP11t02-6QSZvJq4vhfvxRD6Ys\""
                }
            ],
            "params": [],
            "body": {
                "type": "formencoded",
                "raw": "",
                "form": [
                    {
                        "name": "name",
                        "value": "",
                        "isDisabled": true
                    },
                    {
                        "name": "description",
                        "value": "",
                        "isDisabled": true
                    },
                    {
                        "name": "price",
                        "value": "9"
                    }
                ]
            },
            "tests": []
        },
        {
            "_id": "7134d958-0f01-48be-a7af-6ae854ce87a6",
            "colId": "47586c2a-618d-4468-b2bc-ee8ce3a02109",
            "containerId": "0912a314-4839-4e7c-a199-6c953717fc07",
            "name": "getsAdditionalMeals",
            "url": "localhost:2765/AdditionalMeal/get",
            "method": "GET",
            "sortNum": 350000,
            "created": "2023-05-16T21:30:26.423Z",
            "modified": "2023-05-17T06:07:52.780Z",
            "headers": [
                {
                    "name": "Authorization",
                    "value": "eyJhbGciOiJIUzI1NiIsInR5cCI6IkpXVCJ9.eyJzdWIiOiI2NDYzMmI3ZTBiYTY1Y2I2NDAyOTdlYmEiLCJuYW1lIjoiVXNlciIsInN1cm5hbWUiOiJkZWZhdWx0IiwiZW1haWwiOiJhZG1pbiIsInJvbCI6IkFETUlOIiwiaWF0IjoxNjg0MzAyMzc0LCJleHAiOjE2ODQzMDk1NzR9.3jEFDBXKWe8ZTpZ1grP11t02-6QSZvJq4vhfvxRD6Ys\""
                }
            ],
            "params": [],
            "tests": []
        },
        {
            "_id": "84ab5cf3-3509-4dcb-b6bb-9118055b9599",
            "colId": "47586c2a-618d-4468-b2bc-ee8ce3a02109",
            "containerId": "3180c4a8-3b43-4333-969b-cd72f7ed9a62",
            "name": "getAccounts",
            "url": "localhost:2765/user/getAccounts",
            "method": "GET",
            "sortNum": 356250,
            "created": "2023-05-17T05:45:13.619Z",
            "modified": "2023-05-17T06:07:06.733Z",
            "headers": [
                {
                    "name": "Authorization",
                    "value": "eyJhbGciOiJIUzI1NiIsInR5cCI6IkpXVCJ9.eyJzdWIiOiI2NDYzMmI3ZTBiYTY1Y2I2NDAyOTdlYmEiLCJuYW1lIjoiVXNlciIsInN1cm5hbWUiOiJkZWZhdWx0IiwiZW1haWwiOiJhZG1pbiIsInJvbCI6IkFETUlOIiwiaWF0IjoxNjg0MzAyMzc0LCJleHAiOjE2ODQzMDk1NzR9.3jEFDBXKWe8ZTpZ1grP11t02-6QSZvJq4vhfvxRD6Ys\""
                }
            ],
            "params": [],
            "tests": []
        },
        {
            "_id": "2b0d4ce3-efce-4e19-8757-688aedd708ae",
            "colId": "47586c2a-618d-4468-b2bc-ee8ce3a02109",
            "containerId": "0912a314-4839-4e7c-a199-6c953717fc07",
            "name": "getAdditionalMeal",
            "url": "localhost:2765/AdditionalMeal/gets/64646f2faf488fd08572ad2a",
            "method": "GET",
            "sortNum": 360000,
            "created": "2023-05-16T21:30:26.424Z",
            "modified": "2023-05-17T06:13:02.389Z",
            "headers": [
                {
                    "name": "Authorization",
                    "value": "eyJhbGciOiJIUzI1NiIsInR5cCI6IkpXVCJ9.eyJzdWIiOiI2NDYzMmI3ZTBiYTY1Y2I2NDAyOTdlYmEiLCJuYW1lIjoiVXNlciIsInN1cm5hbWUiOiJkZWZhdWx0IiwiZW1haWwiOiJhZG1pbiIsInJvbCI6IkFETUlOIiwiaWF0IjoxNjg0MzAyMzc0LCJleHAiOjE2ODQzMDk1NzR9.3jEFDBXKWe8ZTpZ1grP11t02-6QSZvJq4vhfvxRD6Ys\""
                }
            ],
            "params": [],
            "tests": []
        },
        {
            "_id": "9a9ead09-61d4-48de-9d9c-3db076c03080",
            "colId": "47586c2a-618d-4468-b2bc-ee8ce3a02109",
            "containerId": "0912a314-4839-4e7c-a199-6c953717fc07",
            "name": "searchByName",
            "url": "localhost:2765/AdditionalMeal/searchByName",
            "method": "POST",
            "sortNum": 370000,
            "created": "2023-05-16T21:30:26.425Z",
            "modified": "2023-05-17T06:13:38.666Z",
            "headers": [
                {
                    "name": "Authorization",
                    "value": "eyJhbGciOiJIUzI1NiIsInR5cCI6IkpXVCJ9.eyJzdWIiOiI2NDYzMmI3ZTBiYTY1Y2I2NDAyOTdlYmEiLCJuYW1lIjoiVXNlciIsInN1cm5hbWUiOiJkZWZhdWx0IiwiZW1haWwiOiJhZG1pbiIsInJvbCI6IkFETUlOIiwiaWF0IjoxNjg0MzAyMzc0LCJleHAiOjE2ODQzMDk1NzR9.3jEFDBXKWe8ZTpZ1grP11t02-6QSZvJq4vhfvxRD6Ys\""
                }
            ],
            "params": [],
            "body": {
                "type": "formencoded",
                "raw": "",
                "form": [
                    {
                        "name": "name",
                        "value": "s"
                    }
                ]
            },
            "tests": []
        },
        {
            "_id": "33e3b59b-f533-479b-b1fe-7b9ce1ab505f",
            "colId": "47586c2a-618d-4468-b2bc-ee8ce3a02109",
            "containerId": "0912a314-4839-4e7c-a199-6c953717fc07",
            "name": "update",
            "url": "localhost:2765/AdditionalMeal/update/64646fff652a29927a9d29d4",
            "method": "PUT",
            "sortNum": 380000,
            "created": "2023-05-16T21:30:26.426Z",
            "modified": "2023-05-17T06:28:19.430Z",
            "headers": [
                {
                    "name": "Authorization",
                    "value": "eyJhbGciOiJIUzI1NiIsInR5cCI6IkpXVCJ9.eyJzdWIiOiI2NDYzMmI3ZTBiYTY1Y2I2NDAyOTdlYmEiLCJuYW1lIjoiVXNlciIsInN1cm5hbWUiOiJkZWZhdWx0IiwiZW1haWwiOiJhZG1pbiIsInJvbCI6IkFETUlOIiwiaWF0IjoxNjg0MzAyMzc0LCJleHAiOjE2ODQzMDk1NzR9.3jEFDBXKWe8ZTpZ1grP11t02-6QSZvJq4vhfvxRD6Ys\""
                }
            ],
            "params": [],
            "body": {
                "type": "formencoded",
                "raw": "",
                "form": [
                    {
                        "name": "name",
                        "value": "Tortrix"
                    },
                    {
                        "name": "description",
                        "value": "sxxzs"
                    },
                    {
                        "name": "price",
                        "value": "122"
                    }
                ]
            },
            "tests": []
        },
        {
            "_id": "64fc81e8-2de0-48bd-aee2-32fd368e5e47",
            "colId": "47586c2a-618d-4468-b2bc-ee8ce3a02109",
            "containerId": "0912a314-4839-4e7c-a199-6c953717fc07",
            "name": "delete",
            "url": "localhost:2765/AdditionalMeal/delete/64646f27af488fd08572ad26",
            "method": "DELETE",
            "sortNum": 390000,
            "created": "2023-05-16T21:30:26.427Z",
            "modified": "2023-05-17T06:15:04.345Z",
            "headers": [
                {
                    "name": "Authorization",
                    "value": "eyJhbGciOiJIUzI1NiIsInR5cCI6IkpXVCJ9.eyJzdWIiOiI2NDYzMmI3ZTBiYTY1Y2I2NDAyOTdlYmEiLCJuYW1lIjoiVXNlciIsInN1cm5hbWUiOiJkZWZhdWx0IiwiZW1haWwiOiJhZG1pbiIsInJvbCI6IkFETUlOIiwiaWF0IjoxNjg0MzAyMzc0LCJleHAiOjE2ODQzMDk1NzR9.3jEFDBXKWe8ZTpZ1grP11t02-6QSZvJq4vhfvxRD6Ys\""
                }
            ],
            "params": [],
            "tests": []
        },
        {
            "_id": "0b16269b-1cbd-41f5-b0af-322d3eb0738b",
            "colId": "47586c2a-618d-4468-b2bc-ee8ce3a02109",
            "containerId": "3180c4a8-3b43-4333-969b-cd72f7ed9a62",
            "name": "updateAccount",
            "url": "localhost:2765/User/updateAccount/6463f89146a4746807f5249e",
            "method": "PUT",
            "sortNum": 400000,
            "created": "2023-05-16T21:30:26.428Z",
            "modified": "2023-05-17T04:52:14.385Z",
            "headers": [
                {
                    "name": "Authorization",
                    "value": "\"eyJhbGciOiJIUzI1NiIsInR5cCI6IkpXVCJ9.eyJzdWIiOiI2NDYzZjg5MTQ2YTQ3NDY4MDdmNTI0OWUiLCJuYW1lIjoiQ2xpZW50ZSIsInN1cm5hbWUiOiJkZSBFamVtcGxvMSIsImVtYWlsIjoicGVkcm8iLCJyb2wiOiJDTElFTlQiLCJpYXQiOjE2ODQyOTg5MzUsImV4cCI6MTY4NDMwNjEzNX0.Tyft9p26us2wxi7nf3sf-iuUTHW_U982GO4xHhPhWgw\""
                }
            ],
            "params": [],
            "body": {
                "type": "formencoded",
                "raw": "",
                "form": [
                    {
                        "name": "name",
                        "value": "Cliente"
                    },
                    {
                        "name": "surname",
                        "value": "de Ejemplo"
                    },
                    {
                        "name": "phone",
                        "value": "322322"
                    },
                    {
                        "name": "email",
                        "value": "pedro"
                    }
                ]
            },
            "tests": []
        },
        {
            "_id": "b4288130-0aa4-4aa4-8285-983fde31e631",
            "colId": "47586c2a-618d-4468-b2bc-ee8ce3a02109",
            "containerId": "3180c4a8-3b43-4333-969b-cd72f7ed9a62",
            "name": "deleteAccount",
            "url": "localhost:2765/User/deleteAccount/646462012e6b7aeaf7fb4695",
            "method": "DELETE",
            "sortNum": 450000,
            "created": "2023-05-16T21:30:26.433Z",
            "modified": "2023-05-17T05:16:09.430Z",
            "headers": [
                {
                    "name": "Authorization",
                    "value": "eyJhbGciOiJIUzI1NiIsInR5cCI6IkpXVCJ9.eyJzdWIiOiI2NDYzMmI3ZTBiYTY1Y2I2NDAyOTdlYmEiLCJuYW1lIjoiVXNlciIsInN1cm5hbWUiOiJkZWZhdWx0IiwiZW1haWwiOiJhZG1pbiIsInJvbCI6IkFETUlOIiwiaWF0IjoxNjg0MzAwNTQ2LCJleHAiOjE2ODQzMDc3NDZ9.RdhmcPZuqugL1rSBg6EZtXGODPVj-QqIMi3XXaY3xRU"
                }
            ],
            "params": [],
            "body": {
                "type": "formencoded",
                "raw": "",
                "form": [
                    {
                        "name": "password",
                        "value": "123"
                    }
                ]
            },
            "tests": []
        },
        {
            "_id": "c11b6812-0ee3-499e-a66d-443aabb63bff",
            "colId": "47586c2a-618d-4468-b2bc-ee8ce3a02109",
            "containerId": "3180c4a8-3b43-4333-969b-cd72f7ed9a62",
            "name": "updatePassword",
            "url": "localhost:2765/user/updatePassword/6464548dbce9c64a08bbd860",
            "method": "PUT",
            "sortNum": 460000,
            "created": "2023-05-17T04:23:42.242Z",
            "modified": "2023-05-17T04:41:46.332Z",
            "headers": [
                {
                    "name": "Authorization",
                    "value": "eyJhbGciOiJIUzI1NiIsInR5cCI6IkpXVCJ9.eyJzdWIiOiI2NDYzMmI3ZTBiYTY1Y2I2NDAyOTdlYmEiLCJuYW1lIjoiVXNlciIsInN1cm5hbWUiOiJkZWZhdWx0IiwiZW1haWwiOiJhZG1pbiIsInJvbCI6IkFETUlOIiwiaWF0IjoxNjg0Mjk4NDc1LCJleHAiOjE2ODQzMDU2NzV9.v9UtsNIW7A3oNP5HAzZkglMhVoh1MnLOZAdeR44lN2w"
                }
            ],
            "params": [],
            "body": {
                "type": "formencoded",
                "raw": "",
                "form": [
                    {
                        "name": "before",
                        "value": "1234"
                    },
                    {
                        "name": "after",
                        "value": "123"
                    }
                ]
            },
            "tests": []
        }
    ]
}
